{"default":{"identifier":"default","description":"Base capability for the application's main window.","local":true,"windows":["main"],"permissions":["core:default","shell:allow-open","dialog:allow-open","dialog:allow-save",{"identifier":"fs:allow-read-dir","allow":[{"path":"$DOCUMENT/*"},{"path":"$APPDATA/vault/*"},{"path":"$HOME/*"}]},{"identifier":"fs:allow-read-file","allow":[{"path":"$DOCUMENT/*"},{"path":"$APPDATA/vault/*"},{"path":"$HOME/*"}]},{"identifier":"fs:allow-write-file","allow":[{"path":"$APPDATA/vault/*"},{"path":"$HOME/*"}]},{"identifier":"fs:allow-mkdir","allow":[{"path":"$APPDATA/vault/*"},{"path":"$HOME/*"}]},{"identifier":"fs:allow-remove","allow":[{"path":"$APPDATA/vault/*"}]},{"identifier":"fs:allow-exists","allow":[{"path":"$APPDATA/vault/*"},{"path":"$HOME/*"}]}]},"dialog":{"identifier":"dialog","description":"Allow dialog APIs","local":true,"windows":["*"],"permissions":["core:default","dialog:allow-open","dialog:allow-save","dialog:allow-message","dialog:allow-ask","dialog:allow-confirm"]},"external-open":{"identifier":"external-open","description":"Allow opening http/https/mailto links in the system default apps","local":true,"permissions":["shell:allow-open"]},"fs-appdata":{"identifier":"fs-appdata","description":"Allows the FS plugin to manage files within the application's AppData directory.","local":true,"windows":["main"],"permissions":[{"identifier":"fs:scope"},"fs:allow-appdata-read-recursive","fs:allow-appdata-write-recursive","fs:allow-appdata-meta-recursive","fs:allow-home-read-recursive","fs:allow-home-write-recursive","fs:allow-home-meta-recursive","fs:allow-resource-read-recursive","fs:allow-resource-meta-recursive"]},"sqlite":{"identifier":"sqlite","description":"Allows the SQL plugin to interact with SQLite databases stored under AppData.","local":true,"windows":["main"],"permissions":[{"identifier":"sql:allow-load"},{"identifier":"sql:allow-select"},{"identifier":"sql:allow-close"},{"identifier":"sql:allow-execute"}]}}