{
  "$schema": "../gen/schemas/desktop-schema.json",
  "identifier": "default",
  "description": "Base capability for the application's main window.",
  "windows": ["main"],
  "permissions": [
    "core:default",
    "shell:allow-open",
    "dialog:allow-open",
    "dialog:allow-save",
    {
      "identifier": "fs:allow-read-dir",
      "allow": [
        { "path": "$DOCUMENT/*" },
        { "path": "$APPDATA/vault/*" },
        { "path": "$HOME/*" }
      ]
    },
    {
      "identifier": "fs:allow-read-file",
      "allow": [
        { "path": "$DOCUMENT/*" },
        { "path": "$APPDATA/vault/*" },
        { "path": "$HOME/*" }
      ]
    },
    {
      "identifier": "fs:allow-write-file",
      "allow": [
        { "path": "$APPDATA/vault/*" },
        { "path": "$HOME/*" }
      ]
    },
    {
      "identifier": "fs:allow-mkdir",
      "allow": [
        { "path": "$APPDATA/vault/*" },
        { "path": "$HOME/*" }
      ]
    },
    {
      "identifier": "fs:allow-remove",
      "allow": [
        { "path": "$APPDATA/vault/*" }
      ]
    },
    {
      "identifier": "fs:allow-exists",
      "allow": [
        { "path": "$APPDATA/vault/*" },
        { "path": "$HOME/*" }
      ]
    }
  ]
}
